{
  "width": 640,
  "height": 360,
  "fps": 30,
  "main": "./script/aez_bundle_main.js",
  "assets": {
    "se": {
      "type": "audio",
      "path": "files/aea88cd01152840e6725",
      "systemId": "sound",
      "duration": 250,
      "virtualPath": "audio/se"
    },
    "bgm": {
      "type": "audio",
      "path": "files/6e6ed82de3ca7cdfa409",
      "systemId": "music",
      "duration": 34667,
      "virtualPath": "audio/bgm"
    },
    "se_hit": {
      "type": "audio",
      "path": "files/94fa75b22a9072e4a9a7",
      "systemId": "sound",
      "duration": 732,
      "virtualPath": "audio/se_hit"
    },
    "se_item": {
      "type": "audio",
      "path": "files/5e651343cd393f56569e",
      "systemId": "sound",
      "duration": 654,
      "virtualPath": "audio/se_item"
    },
    "se_miss": {
      "type": "audio",
      "path": "files/7673b4c12204268afb43",
      "systemId": "sound",
      "duration": 360,
      "virtualPath": "audio/se_miss"
    },
    "se_move": {
      "type": "audio",
      "path": "files/105078447221bd04ffe3",
      "systemId": "sound",
      "duration": 105,
      "virtualPath": "audio/se_move"
    },
    "se_start": {
      "type": "audio",
      "path": "files/9a33ab5f9c9b2521552d",
      "systemId": "sound",
      "duration": 1701,
      "virtualPath": "audio/se_start"
    },
    "se_timeup": {
      "type": "audio",
      "path": "files/3cd7bec6fc575a6d73a7",
      "systemId": "sound",
      "duration": 1080,
      "virtualPath": "audio/se_timeup"
    },
    "config": {
      "type": "image",
      "width": 40,
      "height": 40,
      "path": "files/b681666f5fdad6ee2c15.png",
      "hint": {
        "untainted": true
      },
      "virtualPath": "image/config.png"
    },
    "effect": {
      "type": "image",
      "width": 360,
      "height": 120,
      "path": "files/738aeb92c2a2791c8300.png",
      "hint": {
        "untainted": true
      },
      "virtualPath": "image/effect.png"
    },
    "finish": {
      "type": "image",
      "width": 360,
      "height": 150,
      "path": "files/2ff0304073c2deea7fdc.png",
      "hint": {
        "untainted": true
      },
      "virtualPath": "image/finish.png"
    },
    "img_numbers_n": {
      "type": "image",
      "width": 364,
      "height": 64,
      "path": "files/3dcf3291221e5531e18c.png",
      "hint": {
        "untainted": true
      },
      "virtualPath": "image/img_numbers_n.png"
    },
    "img_numbers_n_red": {
      "type": "image",
      "width": 364,
      "height": 32,
      "path": "files/0cbe6151ef7466d9d419.png",
      "hint": {
        "untainted": true
      },
      "virtualPath": "image/img_numbers_n_red.png"
    },
    "number_b": {
      "type": "image",
      "width": 936,
      "height": 84,
      "path": "files/4abd2422b3d707db03c5.png",
      "hint": {
        "untainted": true
      },
      "virtualPath": "image/number_b.png"
    },
    "number_k": {
      "type": "image",
      "width": 936,
      "height": 84,
      "path": "files/b2b4b08e85638b522567.png",
      "hint": {
        "untainted": true
      },
      "virtualPath": "image/number_k.png"
    },
    "number_p": {
      "type": "image",
      "width": 936,
      "height": 84,
      "path": "files/91ec5d16fbb7afb32288.png",
      "hint": {
        "untainted": true
      },
      "virtualPath": "image/number_p.png"
    },
    "number_w": {
      "type": "image",
      "width": 1080,
      "height": 168,
      "path": "files/212e28f69c2a35a01dcf.png",
      "hint": {
        "untainted": true
      },
      "virtualPath": "image/number_w.png"
    },
    "number_y": {
      "type": "image",
      "width": 1080,
      "height": 84,
      "path": "files/ef64700a058923b1b6ae.png",
      "hint": {
        "untainted": true
      },
      "virtualPath": "image/number_y.png"
    },
    "score": {
      "type": "image",
      "width": 100,
      "height": 96,
      "path": "files/d62e2baecca743ff7361.png",
      "hint": {
        "untainted": true
      },
      "virtualPath": "image/score.png"
    },
    "shadow": {
      "type": "image",
      "width": 50,
      "height": 50,
      "path": "files/a8bf137b971ddd160056.png",
      "hint": {
        "untainted": true
      },
      "virtualPath": "image/shadow.png"
    },
    "start": {
      "type": "image",
      "width": 500,
      "height": 150,
      "path": "files/fad71188a75b7f48f032.png",
      "hint": {
        "untainted": true
      },
      "virtualPath": "image/start.png"
    },
    "time": {
      "type": "image",
      "width": 38,
      "height": 38,
      "path": "files/834f6f7b833bbd30f0bc.png",
      "hint": {
        "untainted": true
      },
      "virtualPath": "image/time.png"
    },
    "title": {
      "type": "image",
      "width": 640,
      "height": 360,
      "path": "files/6a2fc763d1ca590c49f9.png",
      "hint": {
        "untainted": true
      },
      "virtualPath": "image/title.png"
    },
    "volume": {
      "type": "image",
      "width": 64,
      "height": 32,
      "path": "files/c3535e86e9f2a5fb8e9b.png",
      "hint": {
        "untainted": true
      },
      "virtualPath": "image/volume.png"
    },
    "waku": {
      "type": "image",
      "width": 340,
      "height": 340,
      "path": "files/f5ab906c90aa0c8d5dc4.png",
      "hint": {
        "untainted": true
      },
      "virtualPath": "image/waku.png"
    },
    "glyph28": {
      "type": "text",
      "path": "files/1f8987b04c636ad42575.json",
      "virtualPath": "text/glyph28.json"
    },
    "glyph32_yellow": {
      "type": "text",
      "path": "files/39603f1b2f1746325b96.json",
      "virtualPath": "text/glyph32_yellow.json"
    },
    "glyph72": {
      "type": "text",
      "path": "files/b3f1905bacd20ca03885.json",
      "virtualPath": "text/glyph72.json"
    },
    "test": {
      "type": "text",
      "path": "files/13f8483e8e0aa4660e8e.json",
      "virtualPath": "text/test.json"
    },
    "ice": {
      "type": "image",
      "width": 360,
      "height": 180,
      "path": "files/6a7cc84af03748279ccf.png",
      "hint": {
        "untainted": true
      },
      "virtualPath": "image/ice.png"
    },
    "line": {
      "type": "image",
      "width": 60,
      "height": 360,
      "path": "files/5a1929b62786a9f37d2f.png",
      "hint": {
        "untainted": true
      },
      "virtualPath": "image/line.png"
    },
    "aez_bundle_main": {
      "type": "script",
      "global": true,
      "path": "files/f086925699839f7a9594.js",
      "virtualPath": "script/aez_bundle_main.js"
    }
  },
  "moduleMainScripts": {
    "@akashic-extension/akashic-timeline": "node_modules/@akashic-extension/akashic-timeline/lib/index.js"
  },
  "environment": {
    "sandbox-runtime": "2",
    "niconico": {
      "supportedModes": [
        "single",
        "ranking"
      ],
      "preferredSessionParameters": {
        "totalTimeLimit": 103
      }
    },
    "external": {
      "send": "0"
    },
    "akashic-runtime": {
      "version": "~2.1.37",
      "flavor": "-canvas"
    }
  },
  "globalScripts": [],
  "exportZipInfo": {
    "version": "0.6.41",
    "option": {
      "force": true,
      "strip": true,
      "minify": false,
      "bundle": true,
      "babel": true,
      "omitEmptyJs": true,
      "targetService": "nicolive"
    }
  }
}